Name Real Name
appcheck GIS APPLICATION CHECK (DO NOT REMOVE)
Aravind.R Aravind.R
BANAR05 AravindKumar.Banduchode
brian.flanagan brian.flanagan
build BrightStor Build Master
build_win Arcserve Build Master
Buildtest buildtest
cheai01 Aiqi.Chen
chebe09 Bencai.Chen
chegu02 Guohua.Chen
cheli06 Michael.Chen
CHEXI14 Xiaolong.Chen
CHOAN11 Anand.Choudri
danri02 Richard.Dang  
devlina.muk Devlina.Mukherjee 
DEVPR02 Prasad.Deverakonda
ekta.singhi Ekta.Singhi   
fanau01 Austin.Fang   
fanfzh01 FanFan.Zhang  
fanzh03 Zhihe.Fan   
fei.qian Fei.Qian
FEIGO02 GongJun.Fei   
FENWE02 Wei.Feng
flabr03 Brian.Flanagan
frank.niu Frank.Niu   
gaoch01 Chaney.Gao
gutra04 RadhikaChowdary.Gutha 
haibo.zhang haibo.zhang   
harvest CA Harvest
HongZhen.liu HongZhen.liu  
hu$bo01 Bo.Hu   
huayi01 Yizhou.Huang  
JAYSA08 Satya.Jayam   
Jerry.li Jerry.Li
jijfe01 Fengru.Ji   
jing.li jing.li 
karpr05 Pratap.Karonde
koyto02 Toshiyuki.Koyama  
li$yi04 Yin.Li  
lic98 
lijle04 Lei.Li  
lijne01 Neo.Li  
LIJSH08 Shiqiang.Li   
LIJXI05 Xiang.Li
LIJXU04 Brence.Li   
lijyo02 Yonghui.Li
lijyo03 Yongfeng.Li   
linbi02 Bill.Lin
LINHA06 haiyang.ling  
liuch11 chang.liu   
LIUDE03 Depeng.Liu
liuho05 Hongnian.Liu  
liuqi02 Qiang.Liu   
liuvi01 Victor.Liu
liuwe05 Wei.Liu 
LIUYU08 Yuhang.Liu
luoji03 cliicy.Luo
luvyu01 Yu.Lu
mabyu03 Yuchun.Ma
madra04 Ramakrishna.Maddali
manpi01 Pidapa.Manorama   
maoja01 Jacky.Mao
Mayur.Dharmik Mayur.Dharmik
Naveen.Kumar Naveen.Kumar
ngust03 Stephen.Nguyen
panbo01 Bo.Pang
patas04 Aswini.Pattamatta
pisma04 Mahadev.Pisipati
qijyi01 Yinan.Qi
RadhikaChowdary.Gutha RadhikaChowdary.Gutha
Rajat.Jain Rajat.Jain
reddygv GVenkateshwara.Reddy
REDVE06
robmi15 Michael.Roberts
santo.bu santoshkumarreddy.buchu
Santosh santoshkumarreddy.buchu
satmu02 Muthu.Sattanathan
shagu01 Guoxian.Shang
SHAHA12 Haiyan.Shang
Shaun.Tancheff Shaun.Tancheff
Shikha.Audi Shikha.Audi
shinya.komatsu shinya.komatsu
shuli02 Liang.Shu
shval03 Alexey.Shvechkov
sonmi01 Min.Song
Srikan.Per Srikanth.Perumbuduri
SUIBA02 Baichang.Sui
SUNCH11 Chuanqi.Sun
SUNCH12 Chenghu.Sun
sunha01 Haitao.Sun
sunxi03 xiaoyu.sun
Tao.Li Tao.Li
Tatsuya.Shimotani Tatsuya.Shimotani
tomohisa.ohiwane Tomohisa.Ohiwane
uppra02  RamaKishoreReddy.Uppala
viv.ge Viveknandhan.Gelella
Vyshnavi.Uppala Vyshnavi.Uppala
wangr01  Grant.Wang
wanhu08  Hualiang.Wang
wanji10  Jinqiang.Wang
wanji20  Jingbin.Wang
WANLE08  Lei.Wang
wanmi12  Mingrui.Wang
wansh09  Shujun.Wang   
wanxi18  Xiao.Wang
wanye01  Yelin.Wang
WANZH06  Zhiye.Wang
watsc04  Scott.Waters  
WEIXI03  Xiaojin.Wei
wu$yu02  Yuwen.Wu
wuvel01  Elaine.Wu
xiaoming.lin xiaoming.lin
xuvji01  Jing.Xu
Yakar.Cho YarraOmkar.Chowdary
yalum02  UmasankarRaju.Yallamraju
yanji09  Jiaolin.Yang
yanmi08  Ming.Yang
yanya05  yapo.yang
yanzh02  Zhibin.Yang
Yawen.liu Yawen.liu
yuntao.guo yuntao.guo
yuver01 Eric.Yu
zhafe02 Feng.Zhang
ZHAHA11 Haiyang.Zhang
zhahe05  Heng.Zhang
zhahu03  Huan.Zhang
zhaji25  Jiwei.Zhang
ZHALI26  Lifang.Zhang3
zhata01  Taiwen.Zhang
zhaxi25  Xiuhua.Zhang
zhepa02  Panlong.Zheng
ZHODO03  Dongmei.Zhou
ZHOYU05  Yu.Zhou
zhuji08  Jianjun.Zhu
